"","Species4","Species5","Species6"
"Species4",1,-1.34317766406686,-0.658641922839736
"Species5",3.34539182426572,1,-15.6500859281764
"Species6",5.3977738324806,-4.25578749393192,1
