"","Species16","Species17","Species18"
"Species16",1,-0.578051673648637,-0.361776234047784
"Species17",2.67878688145223,1,-4.89107320889859
"Species18",2.0398879225959,7.83072244425171,1
