"","Species1","Species2","Species3"
"Species1",1,-0.0240217600676865,-5.46608120303332
"Species2",2.06186990588117,1,10.8382640728742
"Species3",2.98348347914487,3.25598169690603,1
