"","Species13","Species14","Species15"
"Species13",1,0.821942114418944,-5.21794612986552
"Species14",2.98160194622192,1,2.1761993674328
"Species15",2.10799628970329,6.35580226981005,1
