"","Species22","Species23","Species24"
"Species22",1,1.39073730104222,3.09185675824381
"Species23",0.656583894848103,1,-20.6956424956593
"Species24",3.25127575796067,2.40662569374245,1
