"","Species10","Species11","Species12"
"Species10",1,-1.20980965212591,-4.73755579993182
"Species11",3.38154527106552,1,1.48037579137943
"Species12",2.74064986136926,4.27639342181195,1
