"","Species19","Species20","Species21"
"Species19",1,1.50336986996324,-5.23760144138468
"Species20",0.502238801107552,1,2.45986504001053
"Species21",1.48282268958521,6.19914949017777,1
