"","Species7","Species8","Species9"
"Species7",1,-1.88154311152518,-0.753414163307682
"Species8",3.81970353308125,1,-1.1774836680722
"Species9",3.19078393261217,2.78260187237733,1
