"","Species1","Species2","Species3"
"Species1",1,-0.0240197574001175,-5.46608481643351
"Species2",2.06187085305738,1,10.8382451536931
"Species3",2.98348309842397,3.2559838865509,1
