"","Species7","Species8","Species9"
"Species7",1,-1.88154295299806,-0.753414431243679
"Species8",3.81970349258158,1,-1.17748292888258
"Species9",3.19078454277991,2.78260084062939,1
