"","Species4","Species5","Species6"
"Species4",1,-1.34317778603521,-0.658642353029462
"Species5",3.34539165572684,1,-15.6500774779942
"Species6",5.39761027044253,-4.25447754282741,1
