"","Species22","Species23","Species24"
"Species22",1,1.39073729673347,3.09185648380192
"Species23",0.656579975907508,1,-20.6955830438049
"Species24",3.25127574943932,2.40662568501442,1
