"","Species10","Species11","Species12"
"Species10",1,-1.20981009162488,-4.7375544123932
"Species11",3.38154525131165,1,1.48037551045497
"Species12",2.74065179652201,4.27639183435738,1
