"","Species13","Species14","Species15"
"Species13",1,0.821942286357564,-5.21794627166616
"Species14",2.9816020366708,1,2.17619909996156
"Species15",2.10799622921893,6.35580170951689,1
