"","Species19","Species20","Species21"
"Species19",1,1.50337184447279,-5.23752560580725
"Species20",0.502246403045728,1,2.45981471991647
"Species21",1.48281239741209,6.19916155012982,1
