"","Species1","Species2","Species3"
"Species1",1,-0.0240218578373612,-5.46607659212268
"Species2",2.06187075360536,1,10.8382406992898
"Species3",2.9834958738178,3.25594734804056,1
