"","Species1","Species2","Species3"
"Species1",1,-0.0240239283010076,-5.46607366771061
"Species2",2.06186989267863,1,10.8382643164072
"Species3",2.98348415743011,3.25598058857534,1
