"","Species16","Species17","Species18"
"Species16",1,-0.578051602983226,-0.361773312425201
"Species17",2.6787866107213,1,-4.89106987771864
"Species18",2.03988894231167,7.83071347857213,1
