ASV,interaction,"Predicted pH (XGBoost, permutation)"
6,-5.466084816,-2.94349
18,-5.217946272,1.3542982
25,2.678786611,1.4049536
37,0.656579976,1.3542982
48,-0.753414431,-1.622781
52,2.782600841,-1.583895
