,PC,permimpt
0,0,0.09478777452130434
1,2,0.005259081087144945
