,gene,permimpt
0,befor GT4,0.23163296621640628
1,after GT51,0.031148662929347724
2,befor GH23,0.02058465168058814
3,after GT2,0.01780142707510186
4,befor GT2,0.014061851202814335
