ASV,interaction,"Predicted pH (XGBoost, permutation)"
6,-5.46608481643351,-1.4871788
18,-5.21794627166616,1.5555001
25,2.6787866107213,1.3648643
37,0.656579975907508,1.6598172
48,-0.753414431243679,0.74324065
52,2.78260084062939,1.7578402
