,gene,mdi
0,after CBM48,0.4101161
1,befor GH16_3,0.1035633
2,after GH1,0.09618255
3,after GH23,0.0692123
4,after GT4,0.06325452
5,befor GT2,0.05962587
6,befor CBM50,0.056487802
7,befor GT51,0.049181342
8,befor GH23,0.027698802
