,gene,permimpt
0,after GT51,0.7006259510712158
1,befor CBM5,0.27865006306355705
2,befor GH1,0.20861539506142107
3,after GH3,0.19034054444487172
4,befor GT2,0.025406879843693986
