ASV,interaction,"Predicted pH (XGBoost, permutation)"
6,-5.466084816,-5.088335
18,-5.217946272,1.5493419
25,2.678786611,1.5493419
37,0.656579976,1.5493419
48,-0.753414431,-0.59904414
52,2.782600841,2.9275112
