,PC,permimpt
0,3,0.11961520956258127
1,2,0.036597945608034935
