ASV,interaction,"Predicted pH (XGBoost, permutation)"
6,-5.46608481643351,-1.666685
18,-5.21794627166616,1.888764
25,2.6787866107213,1.3381256
37,0.656579975907508,1.4205887
48,-0.753414431243679,-0.28988117
52,2.78260084062939,1.7125988
