ASV,interaction,"Predicted pH (XGBoost, permutation)"
6,-5.46608481643351,0.17657539
18,-5.21794627166616,0.43445712
25,2.6787866107213,0.74812233
37,0.656579975907508,-1.0502582
48,-0.753414431243679,0.6295622
52,2.78260084062939,0.7147507
