ASV,interaction,"Predicted pH (XGBoost, permutation)"
6,-5.46608481643351,0.2054251
18,-5.21794627166616,0.75121427
25,2.6787866107213,0.75121427
37,0.656579975907508,-0.5465319
48,-0.753414431243679,0.64049125
52,2.78260084062939,0.75121427
