,PC,permimpt
0,4,2.106567733486478
1,3,1.897978594859088
2,2,0.37869382438458904
3,1,0.24456625097426166
4,0,0.05961378310621559
