,PC,permimpt
0,4,0.2318376568501567
1,2,0.10110378926369838
2,1,0.043380878901374854
