ASV,interaction,"Predicted pH (XGBoost, permutation)"
6,-5.46608481643351,-0.20939186
18,-5.21794627166616,-0.20939186
25,2.6787866107213,0.80779195
37,0.656579975907508,-2.020246
48,-0.753414431243679,1.0130732
52,2.78260084062939,0.6993073
