ASV,interaction,"Predicted pH (XGBoost, permutation)"
6,-5.46608120303332,0.7584566
17,-0.578051673648637,0.51741415
20,-4.89107320889859,0.66787803
40,-4.25578749393192,0.46866465
43,3.81970353308125,0.61824715
