,gene,permimpt
0,befor GH3,2.2304261107542573
1,befor GT51,0.519326933230699
2,after GH13_9,0.27844546516340857
