ASV,interaction,"Predicted pH (XGBoost, permutation)"
6,-5.46608120303332,0.48689947
17,-0.578051673648637,0.4784556
20,-4.89107320889859,0.62542576
40,-4.25578749393192,0.62542576
43,3.81970353308125,0.56186587
