ASV,interaction,"Predicted pH (XGBoost, permutation)"
6,-5.46608120303332,0.54711187
17,-0.578051673648637,0.46474683
20,-4.89107320889859,0.65165013
40,-4.25578749393192,0.65165013
43,3.81970353308125,0.54711187
