ASV,pH.preference,"Predicted pH (XGBoost, permutation)"
6,-5.466084816,0.5216551
18,-5.217946272,0.55071723
25,2.678786611,0.55071723
37,0.656579976,0.55071723
48,-0.753414431,0.47665086
52,2.782600841,0.47665086
